{
  "hash": "17fca9f9",
  "configHash": "7d2268b8",
  "lockfileHash": "7a50ee3e",
  "browserHash": "25c85443",
  "optimized": {
    "@angular/common": {
      "src": "../../../../../node_modules/@angular/common/fesm2022/common.mjs",
      "file": "@angular_common.js",
      "fileHash": "5f9fd891",
      "needsInterop": false
    },
    "@angular/common/http": {
      "src": "../../../../../node_modules/@angular/common/fesm2022/http.mjs",
      "file": "@angular_common_http.js",
      "fileHash": "3514f070",
      "needsInterop": false
    },
    "@angular/core": {
      "src": "../../../../../node_modules/@angular/core/fesm2022/core.mjs",
      "file": "@angular_core.js",
      "fileHash": "ec5e87c8",
      "needsInterop": false
    },
    "@angular/forms": {
      "src": "../../../../../node_modules/@angular/forms/fesm2022/forms.mjs",
      "file": "@angular_forms.js",
      "fileHash": "8cd7393e",
      "needsInterop": false
    },
    "@angular/material/button": {
      "src": "../../../../../node_modules/@angular/material/fesm2022/button.mjs",
      "file": "@angular_material_button.js",
      "fileHash": "06193c3f",
      "needsInterop": false
    },
    "@angular/material/card": {
      "src": "../../../../../node_modules/@angular/material/fesm2022/card.mjs",
      "file": "@angular_material_card.js",
      "fileHash": "f9b3e585",
      "needsInterop": false
    },
    "@angular/material/form-field": {
      "src": "../../../../../node_modules/@angular/material/fesm2022/form-field.mjs",
      "file": "@angular_material_form-field.js",
      "fileHash": "c2f7aa81",
      "needsInterop": false
    },
    "@angular/material/icon": {
      "src": "../../../../../node_modules/@angular/material/fesm2022/icon.mjs",
      "file": "@angular_material_icon.js",
      "fileHash": "4150da3c",
      "needsInterop": false
    },
    "@angular/material/input": {
      "src": "../../../../../node_modules/@angular/material/fesm2022/input.mjs",
      "file": "@angular_material_input.js",
      "fileHash": "4c59fd48",
      "needsInterop": false
    },
    "@angular/material/menu": {
      "src": "../../../../../node_modules/@angular/material/fesm2022/menu.mjs",
      "file": "@angular_material_menu.js",
      "fileHash": "ea993b60",
      "needsInterop": false
    },
    "@angular/material/snack-bar": {
      "src": "../../../../../node_modules/@angular/material/fesm2022/snack-bar.mjs",
      "file": "@angular_material_snack-bar.js",
      "fileHash": "c9e445de",
      "needsInterop": false
    },
    "@angular/material/toolbar": {
      "src": "../../../../../node_modules/@angular/material/fesm2022/toolbar.mjs",
      "file": "@angular_material_toolbar.js",
      "fileHash": "2f5d4d78",
      "needsInterop": false
    },
    "@angular/platform-browser": {
      "src": "../../../../../node_modules/@angular/platform-browser/fesm2022/platform-browser.mjs",
      "file": "@angular_platform-browser.js",
      "fileHash": "82c87c16",
      "needsInterop": false
    },
    "@angular/platform-browser/animations": {
      "src": "../../../../../node_modules/@angular/platform-browser/fesm2022/animations.mjs",
      "file": "@angular_platform-browser_animations.js",
      "fileHash": "a1dd7239",
      "needsInterop": false
    },
    "@angular/platform-browser/animations/async": {
      "src": "../../../../../node_modules/@angular/platform-browser/fesm2022/animations/async.mjs",
      "file": "@angular_platform-browser_animations_async.js",
      "fileHash": "807cc583",
      "needsInterop": false
    },
    "@angular/router": {
      "src": "../../../../../node_modules/@angular/router/fesm2022/router.mjs",
      "file": "@angular_router.js",
      "fileHash": "fc36e002",
      "needsInterop": false
    },
    "rxjs": {
      "src": "../../../../../node_modules/rxjs/dist/esm5/index.js",
      "file": "rxjs.js",
      "fileHash": "6c0c1ca7",
      "needsInterop": false
    },
    "rxjs/operators": {
      "src": "../../../../../node_modules/rxjs/dist/esm5/operators/index.js",
      "file": "rxjs_operators.js",
      "fileHash": "520c1782",
      "needsInterop": false
    },
    "@angular/material/list": {
      "src": "../../../../../node_modules/@angular/material/fesm2022/list.mjs",
      "file": "@angular_material_list.js",
      "fileHash": "ce2c94b6",
      "needsInterop": false
    },
    "@angular/material/sidenav": {
      "src": "../../../../../node_modules/@angular/material/fesm2022/sidenav.mjs",
      "file": "@angular_material_sidenav.js",
      "fileHash": "372e1a54",
      "needsInterop": false
    },
    "@angular/material/tooltip": {
      "src": "../../../../../node_modules/@angular/material/fesm2022/tooltip.mjs",
      "file": "@angular_material_tooltip.js",
      "fileHash": "3a974097",
      "needsInterop": false
    }
  },
  "chunks": {
    "browser-BDVEBN4M": {
      "file": "browser-BDVEBN4M.js"
    },
    "chunk-GY4EIYN7": {
      "file": "chunk-GY4EIYN7.js"
    },
    "chunk-ONAHX32T": {
      "file": "chunk-ONAHX32T.js"
    },
    "chunk-FESYQZDY": {
      "file": "chunk-FESYQZDY.js"
    },
    "chunk-TOHLCB4S": {
      "file": "chunk-TOHLCB4S.js"
    },
    "chunk-4S3WFEPC": {
      "file": "chunk-4S3WFEPC.js"
    },
    "chunk-ER7EZCDF": {
      "file": "chunk-ER7EZCDF.js"
    },
    "chunk-KCHYKJXK": {
      "file": "chunk-KCHYKJXK.js"
    },
    "chunk-3VGM25NO": {
      "file": "chunk-3VGM25NO.js"
    },
    "chunk-HJAJXQSX": {
      "file": "chunk-HJAJXQSX.js"
    },
    "chunk-QNT5Q57Q": {
      "file": "chunk-QNT5Q57Q.js"
    },
    "chunk-SV3BLZ4D": {
      "file": "chunk-SV3BLZ4D.js"
    },
    "chunk-3W6OJCKO": {
      "file": "chunk-3W6OJCKO.js"
    },
    "chunk-DKJGIQUF": {
      "file": "chunk-DKJGIQUF.js"
    },
    "chunk-XQY4ANS2": {
      "file": "chunk-XQY4ANS2.js"
    },
    "chunk-7U7TPR7C": {
      "file": "chunk-7U7TPR7C.js"
    },
    "chunk-MOIZKQG5": {
      "file": "chunk-MOIZKQG5.js"
    }
  }
}