{
  "Routes": [
    {
      "DownstreamPathTemplate": "/api/account/login",
      "DownstreamScheme": "https",
      "DownstreamHostAndPorts": [
        {
          "Host": "localhost",
          "Port": 7124
        }
      ],
      "UpstreamPathTemplate": "/api/account/login",
      "UpstreamHttpMethod": [ "POST" ],
      "AuthenticationOptions": {
        "AuthenticationProviderKey": "Bearer",
        "AllowedScopes": []
      }
    },
    {
      "DownstreamPathTemplate": "/api/account/register",
      "DownstreamScheme": "https",
      "DownstreamHostAndPorts": [
        {
          "Host": "localhost",
          "Port": 7124
        }
      ],
      "UpstreamPathTemplate": "/api/account/register",
      "UpstreamHttpMethod": [ "POST" ]
    },
    {
      "DownstreamPathTemplate": "/api/account/logout",
      "DownstreamScheme": "https",
      "DownstreamHostAndPorts": [
        {
          "Host": "localhost",
          "Port": 7124
        }
      ],
      "UpstreamPathTemplate": "/api/account/logout",
      "UpstreamHttpMethod": [ "POST" ],
      "AuthenticationOptions": {
        "AuthenticationProviderKey": "Bearer",
        "AllowedScopes": []
      }
    },
    {
      "DownstreamPathTemplate": "/api/dashboard/{everything}",
      "DownstreamScheme": "https",
      "DownstreamHostAndPorts": [
        {
          "Host": "localhost",
          "Port": 7124
        }
      ],
      "UpstreamPathTemplate": "/api/dashboard/{everything}",
      "UpstreamHttpMethod": [ "GET", "POST" ]
    }
  ],
  "GlobalConfiguration": {
    "BaseUrl": "https://localhost:7124",
    "RequestIdKey": "Request-Id"
  }
}
