{
  "Routes": [
    {
      "DownstreamPathTemplate": "/api/Account/login",
      "DownstreamScheme": "https",
      "DownstreamHostAndPorts": [
        {
          "Host": "localhost",
          "Port": 7124
        }
      ],
      "UpstreamPathTemplate": "/loginuser",
      "UpstreamHttpMethod": [ "POST" ]
    },
    {
      "DownstreamPathTemplate": "/api/Account/register",
      "DownstreamScheme": "https",
      "DownstreamHostAndPorts": [
        {
          "Host": "localhost",
          "Port": 7124
        }
      ],
      "UpstreamPathTemplate": "/registerdetails",
      "UpstreamHttpMethod": [ "POST" ]
    },
    {
      "DownstreamPathTemplate": "/api/Account/logout",
      "DownstreamScheme": "https",
      "DownstreamHostAndPorts": [
        {
          "Host": "localhost",
          "Port": 7124
        }
      ],
      "UpstreamPathTemplate": "/logoutid",
      "UpstreamHttpMethod": [ "POST" ]
    },
    {
      "DownstreamPathTemplate": "/api/Module/modules",
      "DownstreamScheme": "https",
      "DownstreamHostAndPorts": [
        {
          "Host": "localhost",
          "Port": 7261
        }
      ],
      "UpstreamPathTemplate": "/modulesdetails",
      "UpstreamHttpMethod": [ "GET" ]
    },
    {
      "DownstreamPathTemplate": "/api/Menu/by-module/{moduleId}",
      "DownstreamScheme": "https",
      "DownstreamHostAndPorts": [
        {
          "Host": "localhost",
          "Port": 7261
        }
      ],
      "UpstreamPathTemplate": "/menu/{moduleId}",
      "UpstreamHttpMethod": [ "GET" ]
    }

  ],
  "GlobalConfiguration": {
    "BaseUrl": "https://localhost:5000"

  }
}
